Model,Test Accuracy,Accuracy_Value
MobileNetV2,95.13%,0.9513274336283186
ResNet50,37.61%,0.37610619469026546
EfficientNetB0,30.97%,0.30973451327433627
